finding_url,repository,repository_url,title,description,severity,status,detected_at,committed_at,author_email,assignee_name,assignee_email,has_patch,configured_scan_id,commit_hash,relevant_paths,resolution_reason
https://chatgpt.com/codex/cloud/security/findings/6c6868a5a51481918710b5c0a6401801,Temmie-Tem/A90_5G_rooting,https://github.com/Temmie-Tem/A90_5G_rooting,rshell start exposes unauthenticated tcpctl root command port,"The v100 rshell command is presented as a token-authenticated remote shell on port 2326. However, rshell_start_service() checks whether NCM is present and, if not, calls a90_netservice_start(). That function does more than configure USB NCM: it also spawns a90_tcpctl on port 2325. a90_tcpctl binds to INADDR_ANY and its protocol has no authentication step; clients can immediately issue run <absolute-path> [args...] and the service execve()s that program as the native init/root environment. Therefore an attacker who can reach the USB NCM network can ignore the rshell token entirely and connect to tcpctl port 2325 for unauthenticated root command execution whenever an operator starts/enables rshell. This is introduced by the new rshell integration path, even though tcpctl itself pre-existed.",high,new,2026-05-04T10:30:58.912130Z,2026-05-03 23:23:18 +0900,shs02140@gmail.com,,,false,user-uCP64b5dIkMxZJ7N2kDGpa8n:github-1095371052,27afbc3f13869206f1e03a3c4e2fbe1a097fd1e0,stage3/linux_init/v100/70_storage_android_net.inc.c | stage3/linux_init/a90_netservice.c | stage3/linux_init/a90_tcpctl.c,
https://chatgpt.com/codex/cloud/security/findings/61bf8ce0f45481918f8afef5505b3d5e,Temmie-Tem/A90_5G_rooting,https://github.com/Temmie-Tem/A90_5G_rooting,Helper manifest can redirect cpustress to unverified code,"v98 adds a helper manifest under the runtime package directory and changes the shell cpustress command to execute the helper path returned by a90_helper_preferred_path(). Manifest entries can overwrite the default a90_cpustress path. During finalization, any regular executable at the manifest path becomes the preferred helper before mode, size, or SHA validation is enforced. SHA-256 values are explicitly marked as unchecked and only produce a warning. As a result, an attacker who can plant or modify the runtime helper package on the SD/cache runtime root can cause a later operator-initiated cpustress command to execute an arbitrary binary as PID1/root. The fallback ramdisk helper should be used unless the runtime helper has been authenticated, or warnings/failures should prevent preferred selection and execution.",high,new,2026-05-04T10:30:04.837442Z,2026-05-03 06:09:56 +0900,shs02140@gmail.com,,,false,user-uCP64b5dIkMxZJ7N2kDGpa8n:github-1095371052,f3498d5bfd05bce4103b8b5aff9e6ff043fb5d2d,stage3/linux_init/a90_helper.c | stage3/linux_init/v98/60_shell_basic_commands.inc.c | stage3/linux_init/a90_run.c,
https://chatgpt.com/codex/cloud/security/findings/8d331492602c8191a8a283e8314f697f,Temmie-Tem/A90_5G_rooting,https://github.com/Temmie-Tem/A90_5G_rooting,Boot flag enables persistent unauthenticated tcpctl exposure,"This commit adds boot-time netservice autostart logic in init_v60 that trusts a writable flag file (`/cache/native-init-netservice`) and executable helpers in `/cache/bin`. If the flag is present, PID1 launches `/cache/bin/a90_usbnet` and `/cache/bin/a90_tcpctl listen ...` automatically during boot. Because `a90_tcpctl` listens on `INADDR_ANY` and exposes an unauthenticated `run <absolute-path>` command, any attacker who can set the flag (or replace helpers) can make root command service reappear on every reboot. This is a persistence and attack-surface expansion introduced by v60 boot policy.",high,new,2026-04-28T06:48:12.615301Z,2026-04-26 01:28:53 +0900,shs02140@gmail.com,,,false,user-uCP64b5dIkMxZJ7N2kDGpa8n:github-1095371052,224223a78960cc6f9f86edf7991545a4c196dd63,stage3/linux_init/init_v60.c | stage3/linux_init/a90_tcpctl.c,
https://chatgpt.com/codex/cloud/security/findings/278067d006948191916329f6cf010e27,Temmie-Tem/A90_5G_rooting,https://github.com/Temmie-Tem/A90_5G_rooting,tcpctl_host install race allows root helper replacement,"`command_install()` starts a device-side `netcat -l -p <port> ... dd of=/cache/bin/a90_tcpctl` receiver, then intentionally sleeps before connecting from the host. Because the receiver is unauthenticated and not source-restricted, any actor that can reach the device TCP port can connect first and provide attacker-controlled bytes for the target binary path. The wrapper does compute SHA-256 and raises on mismatch, but it does not roll back/delete the written file. Separately, `start`/`smoke` execute `/cache/bin/a90_tcpctl` via serial `run` without any integrity check, so a poisoned binary can later be launched as root (especially realistic when replacing an already-existing executable file).",high,new,2026-04-28T08:06:37.402346Z,2026-04-26 00:22:55 +0900,shs02140@gmail.com,,,false,user-uCP64b5dIkMxZJ7N2kDGpa8n:github-1095371052,c525cbada5e0efe571f844c5caf73e3a1f459028,scripts/revalidation/tcpctl_host.py,
https://chatgpt.com/codex/cloud/security/findings/5d3c8e5dc184819184af767a0703442d,Temmie-Tem/A90_5G_rooting,https://github.com/Temmie-Tem/A90_5G_rooting,Unauthenticated NCM tcpctl allows root command execution,"The newly added `a90_tcpctl` helper listens on `INADDR_ANY` and processes remote commands without any authentication or authorization checks. Its `run` command allows clients to execute any absolute-path program via `execve`, effectively granting root-level remote command execution to any party that can reach the listener (e.g., over USB NCM, and potentially any other active interface). The same unauthenticated channel also permits `shutdown`, enabling trivial service DoS. While this may be acceptable in a tightly controlled lab, it is a high-impact security vulnerability if trust boundaries are violated or networking is misconfigured.",high,new,2026-04-28T09:17:55.445463Z,2026-04-26 00:15:40 +0900,shs02140@gmail.com,,,false,user-uCP64b5dIkMxZJ7N2kDGpa8n:github-1095371052,1e8f6446ed7fecedd5c93b1dd1177ecf1c3a737c,stage3/linux_init/a90_tcpctl.c,
https://chatgpt.com/codex/cloud/security/findings/ab2b5073f1388191a97d38ceaf0ce7b9,Temmie-Tem/A90_5G_rooting,https://github.com/Temmie-Tem/A90_5G_rooting,Hardcoded root SSH credentials enabled by automation scripts,"Newly added automation scripts set `PermitRootLogin yes`, keep password auth enabled, and set the root password to a known static value (`root`). Another boot-time script starts `sshd` automatically and even logs connection guidance including the default password. A headless boot script then invokes this chroot SSH startup automatically when the module exists. Any attacker on the same network segment who can reach port 22 can authenticate as root using default credentials if the user has not manually changed it.",high,new,2026-04-27T22:50:57.207425Z,2025-11-18 11:14:47 +0900,aosp@build.local,,,false,user-uCP64b5dIkMxZJ7N2kDGpa8n:github-1095371052,8775fe9dc00c9491470aae177203bf68a3b02234,scripts/utils/create_rootfs.sh | scripts/magisk_module/systemless_chroot/service.d/boot_chroot.sh | scripts/magisk_module/headless_boot_v2/service.sh,
https://chatgpt.com/codex/cloud/security/findings/c8457f7684208191bd5de8b6dc45e470,Temmie-Tem/A90_5G_rooting,https://github.com/Temmie-Tem/A90_5G_rooting,Unsafe archive extraction enables host file overwrite,"In `certify_bootimg_archive()`, untrusted `--boot_img_archive` input is extracted with `shutil.unpack_archive()` without a safety filter or path validation. A crafted tar can contain `../` entries (Zip Slip style) and write outside `unpack_dir`. After extraction, the script processes `boot*.img` entries and passes each path to `certify_bootimg()`, which uses `shutil.copy2()` for read/write. If a malicious archive provides symlinked `boot*.img` entries, `copy2()` can follow symlinks and overwrite files outside the temp extraction directory. This creates an arbitrary file write primitive on the host running the tool.",high,new,2026-04-28T11:11:23.623133Z,2025-11-13 20:56:18 +0900,shs02140@gmail.com,,,false,user-uCP64b5dIkMxZJ7N2kDGpa8n:github-1095371052,54cf98250b310814cf09e2e1486e821d7deaf9a2,mkbootimg/gki/certify_bootimg.py,
https://chatgpt.com/codex/cloud/security/findings/546954b382d48191ae18852d95ce2c2c,Temmie-Tem/A90_5G_rooting,https://github.com/Temmie-Tem/A90_5G_rooting,Soak validator can execute a90ctl from an untrusted CWD,"The newly added soak validator builds its subprocess command with the literal relative path ""scripts/revalidation/a90ctl.py"". Because subprocess.run is called without cwd, that path is resolved relative to the process current working directory, not relative to native_soak_validate.py or the repository root. If an operator invokes /workspace/A90_5G_rooting/scripts/revalidation/native_soak_validate.py while their current directory is attacker-controlled, an attacker can place scripts/revalidation/a90ctl.py in that directory and have it executed by sys.executable with the operator's host privileges. Other nearby revalidation scripts avoid this by deriving REPO_ROOT from __file__ and passing an absolute A90CTL path. The fix is to compute REPO_ROOT = Path(__file__).resolve().parents[2], use str(REPO_ROOT / ""scripts"" / ""revalidation"" / ""a90ctl.py""), and preferably set cwd=REPO_ROOT in subprocess.run.",medium,new,2026-05-04T10:28:54.160265Z,2026-05-04 00:58:55 +0900,shs02140@gmail.com,,,false,user-uCP64b5dIkMxZJ7N2kDGpa8n:github-1095371052,e959e00df066f1adf429dcda570a51d19e7c9159,scripts/revalidation/native_soak_validate.py,
https://chatgpt.com/codex/cloud/security/findings/71fb260b576881919fe7a2c0cc011ff7,Temmie-Tem/A90_5G_rooting,https://github.com/Temmie-Tem/A90_5G_rooting,Diagnostics bundles are written with weak file permissions,"The commit adds a diagnostics bundle path that includes verbose system state plus native log tails, then stores that bundle with mode 0644 in the runtime log directory or /cache. The runtime log directory is created 0755, so the bundle is not protected by directory permissions. The new host collector also runs `diag full` and writes the resulting device diagnostics to a host file with `Path.write_text()` and no explicit 0600 mode or chmod, so on common umask 022 systems the output is world-readable. In a shared lab host or if the SD/cache contents are later exposed to Android/MTP/another operator, lower-privileged users can read diagnostic content such as mount/partition information, service/network state, helper paths, and native-init log tails. These diagnostics should be treated as sensitive and written with 0600 permissions in a 0700 directory, with optional redaction of log tails.",medium,new,2026-05-04T10:31:54.402241Z,2026-05-04 00:09:02 +0900,shs02140@gmail.com,,,false,user-uCP64b5dIkMxZJ7N2kDGpa8n:github-1095371052,53a0bf0612e05c526898ee4c4ad953a30da639da,stage3/linux_init/a90_diag.c | stage3/linux_init/a90_runtime.c | scripts/revalidation/diag_collect.py,
https://chatgpt.com/codex/cloud/security/findings/c671edef4b888191ae9c45de4f3bcdf1,Temmie-Tem/A90_5G_rooting,https://github.com/Temmie-Tem/A90_5G_rooting,Service command bypasses dangerous-command gating,"v101 adds a generic `service` command that dispatches lifecycle operations for autohud, tcpctl/netservice, adbd, and rshell. The service metadata correctly labels tcpctl, adbd, and rshell as dangerous/raw-control services, and the existing direct `netservice` and `rshell` commands are registered with CMD_DANGEROUS. However, the new umbrella `service` command is registered with CMD_NONE. The controller's active-menu safety gate only blocks dangerous operations when the command table flags include CMD_DANGEROUS, so `service start tcpctl`, `service enable tcpctl`, `service start rshell`, and `service enable rshell` are treated as non-dangerous. This bypasses the intended dangerous-command gating and also misreports the operation as non-dangerous in command protocol framing. The impact is limited because an attacker still needs access to the existing PID1 shell/control channel, but the bug creates a lower-friction path to activate services that expose root-control network surfaces, including tcpctl, which listens on INADDR_ANY and supports root `run` commands.",medium,new,2026-05-04T10:30:43.686335Z,2026-05-03 23:50:41 +0900,shs02140@gmail.com,,,false,user-uCP64b5dIkMxZJ7N2kDGpa8n:github-1095371052,3e6f0223bb528c3a141732f40fc9a8e28228bcd8,stage3/linux_init/a90_service.c | stage3/linux_init/v101/80_shell_dispatch.inc.c | stage3/linux_init/a90_controller.c | stage3/linux_init/a90_tcpctl.c,
https://chatgpt.com/codex/cloud/security/findings/1e3d3c36abf88191868b4bb217332756,Temmie-Tem/A90_5G_rooting,https://github.com/Temmie-Tem/A90_5G_rooting,Runtime SD probes follow symlinks as root,"The new v97 runtime initialization promotes the SD workspace to a runtime root and, during boot, writes `.runtime-rw-test` files in the `tmp`, `state`, and `run` subdirectories. Those paths are attacker-controllable if an attacker can prepare or replace the SD card contents. The code accepts pre-existing paths as directories via `ensure_dir()` and then opens the predictable probe filename with `O_CREAT | O_TRUNC` but without `O_NOFOLLOW` or `lstat`/directory ownership checks. A crafted SD filesystem can therefore place a symlink such as `/mnt/sdext/a90/state/.runtime-rw-test` pointing to another root-writable file or block device; PID1 will follow it and truncate/write the fixed probe payload during boot. This can corrupt critical files or partitions and can cause persistent device availability/integrity loss before the operator gets a shell.",medium,new,2026-05-04T10:30:16.719678Z,2026-05-03 05:34:37 +0900,shs02140@gmail.com,,,false,user-uCP64b5dIkMxZJ7N2kDGpa8n:github-1095371052,c60950b27aeba3148b6f88c55972b532ecb61cf8,stage3/linux_init/a90_config.h | stage3/linux_init/v97/90_main.inc.c | stage3/linux_init/a90_runtime.c | stage3/linux_init/a90_util.c,
https://chatgpt.com/codex/cloud/security/findings/cded187dd8348191b117aea958fb7f57,Temmie-Tem/A90_5G_rooting,https://github.com/Temmie-Tem/A90_5G_rooting,mountsd redirects logs to unverified SD media,"The boot storage probe treats the SD card as trusted only after reading its UUID and comparing it to SD_EXPECTED_UUID; otherwise it falls back to /cache or /tmp. This commit adds a90_log_set_path(SD_NATIVE_LOG_PATH) to the interactive mountsd rw/init path, but that command path mounts mmcblk0p1 and redirects logging for any writable SD mount without checking the UUID or identity marker. An attacker who can provide or swap removable SD media can cause subsequent PID1 logs, command names, run paths, and child stdio routed to log append mode to be written to attacker-controlled storage once an operator runs mountsd rw or mountsd init. Because a90_log_set_path opens the path with normal open(O_CREAT|O_APPEND) and no O_NOFOLLOW/type validation, attacker-controlled ext4 contents can also use symlinks or special files to redirect root writes or hang logging/command handling. This is not remote code execution, but it weakens the storage trust/fallback boundary introduced for v93.",medium,new,2026-05-02T19:55:55.957098Z,2026-05-03 00:01:12 +0900,shs02140@gmail.com,,,false,user-uCP64b5dIkMxZJ7N2kDGpa8n:github-1095371052,b23f0d98ccee1ec713a7d44d90243a0c0801e622,stage3/linux_init/a90_config.h | stage3/linux_init/a90_storage.c | stage3/linux_init/a90_log.c,
https://chatgpt.com/codex/cloud/security/findings/8bc0e3443b248191b4ca5bc71fef0ab9,Temmie-Tem/A90_5G_rooting,https://github.com/Temmie-Tem/A90_5G_rooting,v79 SD probe enables symlink-based root file clobber,"In v79, PID1 now mounts SD and writes probe/identity/log files under /mnt/sdext/a90 during boot. These writes use open(... O_CREAT/O_TRUNC or O_APPEND ...) without O_NOFOLLOW and without validating path components via lstat. Because ensure_dir() treats EEXIST as success, pre-created symlinks in the SD workspace are accepted. The SD trust check is also weak: it relies on a static expected UUID and auto-creates the identity marker if missing (TOFU on untrusted media). An attacker who can provide a crafted SD with the expected UUID can cause root writes to symlink targets outside the SD mount (e.g., /cache/* or proc/sys nodes), causing integrity/availability impact; the moved log path to SD also increases plaintext command/output exposure on removable media.",medium,new,2026-04-28T17:44:45.169915Z,2026-04-29 01:28:54 +0900,shs02140@gmail.com,,,false,user-uCP64b5dIkMxZJ7N2kDGpa8n:github-1095371052,11bc9a01dcdb38a4dd593c704b32059295893839,stage3/linux_init/init_v79.c,
https://chatgpt.com/codex/cloud/security/findings/bc3091e8d83c81918552221cb20b212e,Temmie-Tem/A90_5G_rooting,https://github.com/Temmie-Tem/A90_5G_rooting,Reconnect checker can silently leave tcpctl running,"In `physical_usb_reconnect_check.py`, the script may auto-start netservice (which enables NCM + tcpctl) and later attempts to restore ACM-only mode in a `finally` block. However, shutdown errors are caught and only logged, not propagated. This means the script can exit with success after reporting PASS while cleanup failed, leaving `tcpctl` active unexpectedly. Because `tcpctl` listens on `INADDR_ANY` and supports `run <absolute-path> ...` command execution as root, this fail-open cleanup behavior can unintentionally expand attack surface after a test run.",medium,new,2026-04-28T17:41:32.155879Z,2026-04-27 03:13:15 +0900,shs02140@gmail.com,,,false,user-uCP64b5dIkMxZJ7N2kDGpa8n:github-1095371052,8a6cc510c88316ef432b039951aba6e964ac2813,scripts/revalidation/physical_usb_reconnect_check.py | scripts/revalidation/netservice_reconnect_soak.py | stage3/linux_init/a90_tcpctl.c,
https://chatgpt.com/codex/cloud/security/findings/2534172617e481919b3be2d7835c68f1,Temmie-Tem/A90_5G_rooting,https://github.com/Temmie-Tem/A90_5G_rooting,Cmdv1 retry can replay privileged commands on reconnect,"Before this commit, `run_cmdv1_command()` sent one command and returned/failed once. After this commit, it retries when socket errors occur or when bridge output is empty / contains the serial-missing text. Because each retry re-sends the full `cmdv1 ...` line, transient disconnects can cause at-least-once execution semantics for non-idempotent root commands. In this project, cmdv1 can invoke destructive operations (`writefile`, `run`, `netservice`, `usbacmreset`, `reboot`, `recovery`, `poweroff`). An attacker who can influence bridge connectivity (or a flaky reconnect event) can trigger unintended repeated execution, causing integrity/availability impact (e.g., repeated reboot/reset or repeated state mutation).",medium,new,2026-04-28T17:43:56.783462Z,2026-04-27 02:31:18 +0900,shs02140@gmail.com,,,false,user-uCP64b5dIkMxZJ7N2kDGpa8n:github-1095371052,225089c3bb912c89a195f9da39808407ca748f39,scripts/revalidation/a90ctl.py | scripts/revalidation/serial_tcp_bridge.py | stage3/linux_init/init_v73.c,
https://chatgpt.com/codex/cloud/security/findings/a3ea350673e08191a08a8b91ced9f864,Temmie-Tem/A90_5G_rooting,https://github.com/Temmie-Tem/A90_5G_rooting,cmdv1 framing can be spoofed by injected A90P1 END output,"This commit introduces a framed shell protocol (`A90P1 BEGIN/END`) and a host parser (`a90ctl.py`). However, the parser stops reading as soon as any `A90P1 END ` substring appears and then parses the first regex match, without validating that BEGIN/END sequence IDs or command names match the issued request. On-device, cmdv1 intentionally preserves normal command stdout/stderr between BEGIN and END, and `run`/`runandroid` directly forward child process output to the same console stream. A command (or data it prints) can therefore emit a forged `A90P1 END ... rc=0 status=ok` line before the real protocol trailer. This can cause host automation to accept false success/error states, skip safety handling, or make unsafe workflow decisions (e.g., flash/verification orchestration based on spoofed status).",medium,new,2026-04-28T04:19:26.064573Z,2026-04-27 02:06:26 +0900,shs02140@gmail.com,,,false,user-uCP64b5dIkMxZJ7N2kDGpa8n:github-1095371052,c52738a672d377b134560e689f0ce661ca54e84a,scripts/revalidation/a90ctl.py | stage3/linux_init/init_v73.c,
https://chatgpt.com/codex/cloud/security/findings/76510c5c6fe88191934b0a8170f4c25a,Temmie-Tem/A90_5G_rooting,https://github.com/Temmie-Tem/A90_5G_rooting,Untrusted MAC can trigger sudo reconfig of wrong host NIC,"In `netservice_reconnect_soak.py`, host interface selection is driven by `ncm.host_addr` parsed from device command output (`run /cache/bin/a90_usbnet status`). That value is then used to find a local interface by MAC and run privileged host commands (`ip addr replace`, `ip link set`) via sudo, without an interface allowlist or USB/NCM origin verification. A malicious or compromised device can report a MAC matching another host NIC (e.g., management LAN), causing unintended privileged reconfiguration and potential connectivity loss or traffic-path manipulation.",medium,new,2026-04-28T06:45:57.155591Z,2026-04-26 02:02:10 +0900,shs02140@gmail.com,,,false,user-uCP64b5dIkMxZJ7N2kDGpa8n:github-1095371052,8d58ee16a7b1de4d4d2d4659ee1cb772bf4ab0a4,scripts/revalidation/netservice_reconnect_soak.py,
https://chatgpt.com/codex/cloud/security/findings/c1522842459881919ce5e5e7b4ba7d43,Temmie-Tem/A90_5G_rooting,https://github.com/Temmie-Tem/A90_5G_rooting,Untrusted device MAC drives sudo host network reconfiguration,"In `ncm_host_setup.py`, `ncm.host_addr` is parsed from device/bridge output and used as the sole selector for the host NIC. The script then executes `sudo ip addr replace ... dev <iface>` and `sudo ip link set <iface> up`. A malicious or compromised device helper (or spoofed bridge response) can return a MAC belonging to a different host interface (e.g., production Ethernet/Wi-Fi), causing privileged reconfiguration of the wrong interface. This can disrupt connectivity and potentially redirect traffic in lab environments where operators run the helper with sudo.",medium,new,2026-04-28T09:18:07.473788Z,2026-04-26 00:01:24 +0900,shs02140@gmail.com,,,false,user-uCP64b5dIkMxZJ7N2kDGpa8n:github-1095371052,db83601d65bfaf9ad21bffa98c623452f344e363,scripts/revalidation/ncm_host_setup.py,
https://chatgpt.com/codex/cloud/security/findings/02396069e06c819181647d72e8963baa,Temmie-Tem/A90_5G_rooting,https://github.com/Temmie-Tem/A90_5G_rooting,Auto re-enumeration check allows serial bridge device hijack,"This commit adds periodic serial identity checks in `serial_tcp_bridge.py`. Instead of validating the already-open device path, the new code re-runs auto-discovery (`glob` + first sorted match) every 0.5s and compares that result's stat identity to the active connection. If another matching device appears (or ordering changes), the bridge treats it as re-enumeration, disconnects, then reconnects to whichever device now sorts first. In practice, a malicious USB serial gadget spoofing the Samsung by-id pattern can cause device confusion/hijacking of the trusted root-shell channel (commands and responses redirected to attacker-controlled endpoint). This is newly introduced by the identity-check feature.",medium,new,2026-04-28T09:19:16.229727Z,2026-04-25 04:32:03 +0900,shs02140@gmail.com,,,false,user-uCP64b5dIkMxZJ7N2kDGpa8n:github-1095371052,8dce12a0e3645d5f44e6188433e0cb23ee397527,scripts/revalidation/serial_tcp_bridge.py,
https://chatgpt.com/codex/cloud/security/findings/177a42c608b88191b083f1a1034515c2,Temmie-Tem/A90_5G_rooting,https://github.com/Temmie-Tem/A90_5G_rooting,ADB shell command injection via unsanitized CLI path options,"`scripts/revalidation/native_init_flash.py` concatenates `--remote-image` and `--boot-block` directly into shell command strings passed to `adb shell`. Because `adb shell <string>` is interpreted by a remote shell, metacharacters (e.g. `;`, `&&`, backticks, `$()`) in these arguments can execute unintended extra commands as recovery/root on the device. This is introduced in this commit with the new script. In a strictly trusted single-operator workflow this is less likely, but if arguments are sourced from untrusted input (shared automation, copied command lines, CI parameters), it becomes a command-injection primitive.",medium,new,2026-04-28T09:18:43.256101Z,2026-04-25 01:56:45 +0900,shs02140@gmail.com,,,false,user-uCP64b5dIkMxZJ7N2kDGpa8n:github-1095371052,5ee4cb0c923e562c68a420cbfd642fc08983d65d,scripts/revalidation/native_init_flash.py,
https://chatgpt.com/codex/cloud/security/findings/91b6b1ecbbdc81918025670e7c2fe9d6,Temmie-Tem/A90_5G_rooting,https://github.com/Temmie-Tem/A90_5G_rooting,Unauthenticated USB ACM root shell enabled at boot,"This commit adds a new init implementation that automatically configures and binds a USB gadget serial interface, attaches it as stdin/stdout/stderr, and launches an interactive shell loop. There is no authentication, pairing, challenge-response, or physical-confirmation gate before command execution. The shell exposes highly privileged primitives (e.g., arbitrary execve via `run`, filesystem/device operations, and starting adbd with `--root_seclabel=u:r:su:s0`), enabling full system compromise by anyone with USB physical access during this boot stage.",medium,new,2026-04-27T22:51:37.803965Z,2026-04-24 17:11:57 +0900,shs02140@gmail.com,,,false,user-uCP64b5dIkMxZJ7N2kDGpa8n:github-1095371052,6cbcb78c460c4362e168ee150cf5f90fcd298b7b,stage3/linux_init/init_v30.c,
https://chatgpt.com/codex/cloud/security/findings/91a0342469308191ada6eaa2453cb478,Temmie-Tem/A90_5G_rooting,https://github.com/Temmie-Tem/A90_5G_rooting,Predictable /tmp file in BusyBox build validation,"scripts/revalidation/build_static_busybox.sh stores readelf output in the hard-coded path /tmp/a90_busybox_dynamic_check.txt. Because /tmp is shared, another local user can pre-create this path as a symlink or controlled file before the operator runs the script. On systems without symlink protections, the redirection can overwrite an arbitrary file writable by the operator. Even when redirection fails, the command is masked with `|| true`, so the subsequent `cat`/`grep` can consume stale attacker-controlled contents and potentially bypass the dynamic-section validation. Use `mktemp` with a private file, a trap for cleanup, and avoid ignoring redirection/readelf failures; alternatively write the check output under the script-owned build directory.",low,new,2026-05-04T10:31:59.152488Z,2026-05-03 22:36:11 +0900,shs02140@gmail.com,,,false,user-uCP64b5dIkMxZJ7N2kDGpa8n:github-1095371052,2c69abe3468adaf35aa38b5018868fcbf77c59e5,scripts/revalidation/build_static_busybox.sh,
https://chatgpt.com/codex/cloud/security/findings/c0f22223f1e481918095b4eac43ab7c8,Temmie-Tem/A90_5G_rooting,https://github.com/Temmie-Tem/A90_5G_rooting,Auto-menu busy-gate bypass allows risky root commands,"In `init_v72.c`, `command_allowed_during_auto_menu()` was changed from a strict allowlist (v70) to a policy that allows any command unless it is explicitly `CMD_DANGEROUS` or a small input-control subset. However, several high-impact commands (`run`, `runandroid`, `writefile`, `mountfs`, `mknod*`, etc.) are still not marked `CMD_DANGEROUS`. As a result, during non-power auto-menu states an attacker with command-channel access can still execute privileged filesystem/process actions that were previously blocked by the busy gate. This is a security regression of an existing mitigation (menu-active command suppression), not a new auth model.",low,new,2026-04-28T04:26:13.144926Z,2026-04-27 01:40:17 +0900,shs02140@gmail.com,,,false,user-uCP64b5dIkMxZJ7N2kDGpa8n:github-1095371052,dc853fe0a0d30006821f4aec1b304e8e2614c90e,stage3/linux_init/init_v72.c | stage3/linux_init/init_v70.c,
https://chatgpt.com/codex/cloud/security/findings/d6c8f25861c08191af70ed83953c32ff,Temmie-Tem/A90_5G_rooting,https://github.com/Temmie-Tem/A90_5G_rooting,HUD log-tail feature introduces on-screen info disclosure,"In init_v68, the auto-HUD path now calls a new renderer that opens native-init.log and draws the last 14 lines directly onto the display whenever the menu is not active. This creates a new confidentiality exposure channel: log content that was previously file-based is now passively broadcast on-screen. In this project, logs include command lifecycle and runtime state records; in shared labs or physically exposed setups this can leak sensitive operator activity and system state via shoulder-surfing/camera capture.",low,new,2026-04-28T05:01:45.433205Z,2026-04-26 05:27:40 +0900,shs02140@gmail.com,,,false,user-uCP64b5dIkMxZJ7N2kDGpa8n:github-1095371052,badb353ee32e244d24bc07da139905ae2228cf71,stage3/linux_init/init_v68.c,
https://chatgpt.com/codex/cloud/security/findings/e7bb5e8149d081919c1598daf7c489f3,Temmie-Tem/A90_5G_rooting,https://github.com/Temmie-Tem/A90_5G_rooting,World-readable fallback log leaks command activity to local users,"The new v41 logging layer writes boot/command logs to a fallback file at /tmp/native-init.log when /cache logging is unavailable. /tmp is mounted as mode 1777, and log files are created/opened with mode 0644. This makes the fallback log readable by any local user/process. Since the shell loop now logs command execution metadata (command name, rc, errno, duration), local actors can observe operator activity and system state transitions. This is an information disclosure issue introduced by the commit.",low,new,2026-04-28T09:21:03.859298Z,2026-04-25 02:10:19 +0900,shs02140@gmail.com,,,false,user-uCP64b5dIkMxZJ7N2kDGpa8n:github-1095371052,b363df8eb6ddabb59fca9dca3c1ae5c988f2fea0,stage3/linux_init/init_v41.c,
https://chatgpt.com/codex/cloud/security/findings/fa50097a3e1c81918944778437e4ef5c,Temmie-Tem/A90_5G_rooting,https://github.com/Temmie-Tem/A90_5G_rooting,Metrics refactor breaks older init source builds,"This commit moves status metric types and helpers from a90_hud.* to a90_metrics.* and updates v90 callsites. However, older versioned sources still present in the repository, such as v89, include the shared a90_hud.h and still refer to struct a90_hud_status_snapshot, a90_hud_read_status_snapshot(), and a90_hud_read_sysfs_long(). Because the shared HUD header no longer defines or declares those compatibility symbols, rebuilding init_v89.c now fails with unknown storage size and implicit declaration errors. This is not an exploitable security vulnerability in the v90 runtime, but it is a reproducibility/rollback availability regression for retained historical sources. A safe fix would be to keep backward-compatible typedefs/wrappers in a90_hud.h/c, vendor version-specific headers with older source trees, or update the preserved v88/v89 source snapshots to use a90_metrics.*.",informational,new,2026-05-02T19:56:11.593304Z,2026-05-02 01:57:46 +0900,shs02140@gmail.com,,,false,user-uCP64b5dIkMxZJ7N2kDGpa8n:github-1095371052,556c33d1545d4683b813da1eb3875c1bf32cab42,stage3/linux_init/a90_hud.h | stage3/linux_init/a90_metrics.h | stage3/linux_init/v89/60_shell_basic_commands.inc.c | stage3/linux_init/v89/40_menu_apps.inc.c,
https://chatgpt.com/codex/cloud/security/findings/dfb9953b79848191ba79be7453344bb3,Temmie-Tem/A90_5G_rooting,https://github.com/Temmie-Tem/A90_5G_rooting,v84 changelog detail screen is not rendered,"Selecting the newly added 0.8.15 v84 changelog item maps to SCREEN_APP_CHANGELOG_0815, but draw_screen_about_app() only dispatches changelog detail screens starting at SCREEN_APP_CHANGELOG_0814. The auto HUD draw loop has the same omission in its active_app predicate. As a result, the latest changelog entry can be selected but its detail screen is blank/not drawn, while older changelog entries continue to work. This is a functional regression introduced by the commit, not a security vulnerability.",informational,new,2026-04-29T17:03:24.447320Z,2026-04-30 01:17:25 +0900,shs02140@gmail.com,,,false,user-uCP64b5dIkMxZJ7N2kDGpa8n:github-1095371052,fbf8b66c21394da1cb07eb7f7bbb6faa05f86b34,stage3/linux_init/v84/40_menu_apps.inc.c,
https://chatgpt.com/codex/cloud/security/findings/07b347be8ba08191b87e2e36b4720ff3,Temmie-Tem/A90_5G_rooting,https://github.com/Temmie-Tem/A90_5G_rooting,v42 run cancel logic steals child stdin and aborts on 'q',"In v42, `run`/`runandroid` switched from blocking `waitpid()` to `wait_child_cancelable()`, which polls `STDIN` for cancel keys. But child processes also inherit the same console FD as their stdin/stdout/stderr. This creates competing readers on the same input stream: the parent consumes bytes via `read_console_cancel_event()`. Non-cancel bytes are dropped, and a regular 'q' intended for the child is interpreted as cancel, causing the parent to send SIGTERM/SIGKILL to the child. This is an introduced reliability/availability bug in privileged workflows (interactive child commands become unstable and can be killed unintentionally).",informational,new,2026-04-28T09:20:22.584349Z,2026-04-25 02:19:21 +0900,shs02140@gmail.com,,,false,user-uCP64b5dIkMxZJ7N2kDGpa8n:github-1095371052,3556c02cff151a5815317d01412e59a87e87a36c,stage3/linux_init/init_v42.c,
https://chatgpt.com/codex/cloud/security/findings/370b1e0b2e8881919ffb09e26d91688c,Temmie-Tem/A90_5G_rooting,https://github.com/Temmie-Tem/A90_5G_rooting,Input event name path traversal in probing helpers,"The commit introduces input helper logic (`inputinfo`, `readinput`, later reused by `inputcaps`) that treats any argument starting with `event` as valid. It does not enforce a strict `event[0-9]+` format and allows `/` and `..` segments. That unchecked value is interpolated into `/sys/class/input/%s/...` and `/dev/input/%s` paths. As a result, an attacker with access to this shell can traverse paths under `/sys` and cause `mknod()` at unintended locations under `/dev` (given suitable directory setup), bypassing the intended event-node-only scope.",informational,new,2026-04-27T22:51:47.172791Z,2026-04-24 00:31:08 +0900,shs02140@gmail.com,,,false,user-uCP64b5dIkMxZJ7N2kDGpa8n:github-1095371052,5259fd7d5b06b1fd3c0d4a7b3d82f5f4656eb5a7,stage3/linux_init/init_v10.c,
https://chatgpt.com/codex/cloud/security/findings/7f3b6c5b0d6c819192f7f3869ce48b04,Temmie-Tem/A90_5G_rooting,https://github.com/Temmie-Tem/A90_5G_rooting,Unauthenticated root shell exposed via USB ACM and TCP bridge,"New native init variants (e.g., init_v8.c) automatically configure a USB ACM gadget, attach /dev/ttyGS0 as console, and enter an interactive command loop as PID 1/root. The shell accepts dangerous commands such as run/runandroid (arbitrary execve), mountfs, mknodb, reboot, and startadbd, but implements no authentication or authorization before command execution. In the same commit, serial_tcp_bridge.py opens a TCP listener and forwards client bytes directly to the serial shell, also with no authentication checks. If this experimental boot image is flashed and the bridge is run (README even suggests sudo usage), any local user able to connect to 127.0.0.1:<port> can control the root shell on the connected device, with full confidentiality/integrity/availability impact on that device.",informational,new,2026-04-27T23:44:27.918637Z,2026-04-23 23:20:31 +0900,shs02140@gmail.com,,,false,user-uCP64b5dIkMxZJ7N2kDGpa8n:github-1095371052,c5983844a4293e5ad3be364792426fd4e679eca0,stage3/linux_init/init_v8.c | scripts/revalidation/serial_tcp_bridge.py,
https://chatgpt.com/codex/cloud/security/findings/b7c48a7ce9b08191b3ea1cbdbff18ee2,Temmie-Tem/A90_5G_rooting,https://github.com/Temmie-Tem/A90_5G_rooting,Command injection via unquoted by_name in su -c commands,"`by_name` is read from device command output and then reused in later root commands. In this commit, calls were rewritten from patterns like `su -c ""test -e '$by_name/$part'""` to `su -c $(sq_escape ""test -e $by_name/$part"")`. This only protects the outer shell tokenization, not the inner shell evaluation performed by `su -c`. If `by_name` contains shell metacharacters (e.g., `$(...)`, backticks, `;`, newlines), they can be evaluated by the shell that `su -c` invokes, leading to unintended command execution as root on the device.",informational,new,2026-04-27T22:44:02.496556Z,2026-04-23 03:55:06 +0900,shs02140@gmail.com,,,false,user-uCP64b5dIkMxZJ7N2kDGpa8n:github-1095371052,5812a3f34ef45b3c7a96b0c31cd1c9245f70445e,scripts/revalidation/capture_baseline.sh,